"Year","Age0","Age1","Age2","Age3","Age4","Age5","Age6","Age7","Age8","Age9","Age10","Age11","Age12","Age13","Age14","Age15","Age16","Age17","Age18","Age19","Age20","Age21","Age22","Age23","Age24","Age25","Age26","Age27","Age28","Age29","Age30","Age31","Age32","Age33","Age34","Age35","Age36","Age37","Age38","Age39","Age40","Age41","Age42","Age43","Age44","Age45","Age46","Age47","Age48","Age49","Age50","Age51","Age52","Age53","Age54","Age55","Age56","Age57","Age58","Age59","Age60","Age61","Age62","Age63","Age64","Age65","Age66","Age67","Age68"
1949,0.0362774,0.0908372,0.158386,0.242471,0.329582,0.413169,0.488609,0.553058,0.605122,0.644505,0.671679,0.687614,0.693563,0.690907,0.681044,0.665311,0.644945,0.621053,0.594603,0.566427,0.537224,0.507572,0.477941,0.448704,0.420154,0.392511,0.365935,0.34054,0.316397,0.293545,0.271997,0.251745,0.232766,0.215025,0.198477,0.183071,0.168753,0.155466,0.143152,0.131754,0.121214,0.111476,0.102488,0.0941962,0.0865531,0.0795115,0.0730275,0.0670598,0.0615694,0.0565201,0.0518778,0.0476112,0.0436907,0.0400892,0.0367814,0.0337439,0.0309551,0.028395,0.0260452,0.0238887,0.0219097,0.0200939,0.0184279,0.0168995,0.0154974,0.0142112,0.0130315,0.0119495,0.131874
1950,0.0383664,0.0955262,0.168237,0.242471,0.329582,0.413168,0.488607,0.553051,0.605109,0.644483,0.671649,0.687576,0.69352,0.690861,0.680996,0.665264,0.644899,0.621008,0.59456,0.566385,0.537184,0.507535,0.477906,0.448672,0.420123,0.392482,0.365908,0.340515,0.316374,0.293523,0.271977,0.251727,0.232749,0.215009,0.198462,0.183057,0.168741,0.155455,0.143142,0.131744,0.121205,0.111468,0.10248,0.0941894,0.0865467,0.0795057,0.0730222,0.0670549,0.0615649,0.0565159,0.0518741,0.0476077,0.0436875,0.0400863,0.0367787,0.0337414,0.0309528,0.0283929,0.0260433,0.0238869,0.0219081,0.0200924,0.0184265,0.0168982,0.0154962,0.0142102,0.0130306,0.0119486,0.131864
1951,0.0398933,0.101027,0.176921,0.257552,0.329582,0.413165,0.488596,0.553023,0.60505,0.644384,0.671507,0.687396,0.693311,0.690634,0.680761,0.665027,0.644666,0.620782,0.594343,0.566179,0.536988,0.507349,0.477731,0.448508,0.41997,0.392338,0.365775,0.340391,0.316258,0.293416,0.271877,0.251635,0.232664,0.214931,0.19839,0.182991,0.168679,0.155398,0.14309,0.131696,0.121161,0.111427,0.102443,0.0941549,0.0865151,0.0794766,0.0729955,0.0670304,0.0615424,0.0564953,0.0518551,0.0475903,0.0436716,0.0400716,0.0367653,0.0337291,0.0309415,0.0283826,0.0260338,0.0238782,0.0219001,0.0200851,0.0184198,0.0168921,0.0154906,0.014205,0.0130258,0.0119443,0.131816
1952,0.0400071,0.105048,0.187109,0.270847,0.35008,0.413164,0.488591,0.553004,0.605005,0.6443,0.671374,0.687213,0.693086,0.69038,0.68049,0.66475,0.644391,0.620513,0.594084,0.565931,0.536753,0.507127,0.477522,0.448311,0.419786,0.392166,0.365614,0.340241,0.316119,0.293287,0.271758,0.251524,0.232562,0.214836,0.198303,0.18291,0.168605,0.15533,0.143027,0.131639,0.121108,0.111379,0.102398,0.0941136,0.0864772,0.0794418,0.0729635,0.067001,0.0615154,0.0564705,0.0518324,0.0475694,0.0436524,0.0400541,0.0367492,0.0337143,0.030928,0.0283701,0.0260224,0.0238677,0.0218905,0.0200763,0.0184117,0.0168846,0.0154838,0.0141988,0.0130201,0.011939,0.131758
1953,0.0385735,0.105347,0.194556,0.286444,0.36815,0.438855,0.488567,0.552939,0.604867,0.64406,0.671016,0.68674,0.692517,0.689742,0.679813,0.664058,0.643703,0.619842,0.593437,0.565313,0.536165,0.506571,0.476998,0.44782,0.419326,0.391736,0.365213,0.339868,0.315773,0.292966,0.27146,0.251249,0.232307,0.214601,0.198085,0.18271,0.16842,0.155159,0.14287,0.131494,0.120975,0.111256,0.102285,0.0940105,0.0863824,0.0793547,0.0728835,0.0669275,0.061448,0.0564086,0.0517755,0.0475173,0.0436046,0.0400102,0.0367089,0.0336774,0.0308941,0.028339,0.0259938,0.0238416,0.0218665,0.0200542,0.0183915,0.0168661,0.0154668,0.0141832,0.0130058,0.0119259,0.131614
1954,0.0363403,0.101572,0.195111,0.297843,0.389351,0.461512,0.518964,0.552958,0.604888,0.644063,0.670976,0.686636,0.69234,0.689497,0.679516,0.663729,0.643358,0.619496,0.593098,0.564986,0.535853,0.506276,0.47672,0.447558,0.41908,0.391507,0.365,0.339669,0.315588,0.292794,0.271301,0.251102,0.232171,0.214475,0.197969,0.182603,0.168322,0.155069,0.142787,0.131417,0.120904,0.111191,0.102226,0.0939555,0.0863318,0.0793083,0.0728409,0.0668884,0.061412,0.0563756,0.0517453,0.0474895,0.0435791,0.0399867,0.0366874,0.0336577,0.030876,0.0283224,0.0259786,0.0238276,0.0218537,0.0200425,0.0183808,0.0168563,0.0154578,0.0141749,0.0129982,0.011919,0.131537
1955,0.034108,0.0956919,0.188119,0.298693,0.404845,0.488084,0.545736,0.587306,0.604804,0.643914,0.67074,0.686297,0.691893,0.688954,0.678897,0.663061,0.642668,0.618805,0.592421,0.564333,0.535231,0.505686,0.476163,0.447035,0.418591,0.39105,0.364573,0.339273,0.315219,0.292452,0.270985,0.250808,0.2319,0.214225,0.197738,0.18239,0.168125,0.154888,0.14262,0.131264,0.120763,0.111061,0.102106,0.0938457,0.086231,0.0792156,0.0727558,0.0668103,0.0613403,0.0563097,0.0516848,0.047434,0.0435281,0.03994,0.0366445,0.0336183,0.0308399,0.0282894,0.0259483,0.0237998,0.0218282,0.0200191,0.0183593,0.0168366,0.0154397,0.0141583,0.012983,0.011905,0.131383
1956,0.0323105,0.0898139,0.177228,0.28799,0.406,0.507506,0.577153,0.617596,0.64236,0.643805,0.670556,0.68602,0.69151,0.688465,0.678316,0.662412,0.641977,0.618098,0.591719,0.56365,0.534576,0.505063,0.475575,0.446482,0.418073,0.390566,0.364122,0.338853,0.314829,0.29209,0.270649,0.250498,0.231613,0.21396,0.197493,0.182164,0.167917,0.154696,0.142443,0.131101,0.120613,0.110924,0.10198,0.0937295,0.0861242,0.0791175,0.0726657,0.0667275,0.0612643,0.05624,0.0516208,0.0473753,0.0434742,0.0398906,0.0365992,0.0335767,0.0308017,0.0282543,0.0259162,0.0237703,0.0218011,0.0199943,0.0183366,0.0168157,0.0154206,0.0141408,0.012967,0.0118903,0.13122
1957,0.0310837,0.0850807,0.166342,0.271316,0.39145,0.508943,0.600078,0.653045,0.675288,0.683469,0.670029,0.685316,0.690641,0.68745,0.677182,0.661192,0.640708,0.616813,0.590447,0.562414,0.533389,0.503935,0.47451,0.44548,0.417134,0.389688,0.363304,0.338091,0.314121,0.291434,0.270041,0.249935,0.231092,0.213479,0.197049,0.181754,0.167539,0.154348,0.142123,0.130807,0.120342,0.110675,0.101751,0.0935188,0.0859306,0.0789397,0.0725024,0.0665776,0.0611267,0.0561136,0.0515048,0.0472688,0.0433765,0.0398009,0.0365169,0.0335012,0.0307325,0.0281908,0.0258579,0.0237169,0.0217521,0.0199494,0.0182954,0.0167779,0.0153859,0.014109,0.0129378,0.0118636,0.130925
1958,0.0304226,0.0818502,0.157575,0.25465,0.368787,0.490701,0.601765,0.678954,0.713989,0.718415,0.711189,0.684637,0.689772,0.686413,0.676006,0.659909,0.639354,0.615424,0.589058,0.561051,0.532073,0.502678,0.47332,0.44436,0.416083,0.388706,0.362388,0.337238,0.313329,0.290699,0.26936,0.249304,0.23051,0.21294,0.196552,0.181296,0.167117,0.153959,0.141764,0.130477,0.120039,0.110395,0.101494,0.0932829,0.0857139,0.0787406,0.0723195,0.0664096,0.0609725,0.0559721,0.0513749,0.0471496,0.0432671,0.0397005,0.0364248,0.0334167,0.030655,0.0281197,0.0257927,0.0236571,0.0216973,0.0198991,0.0182492,0.0167356,0.0153471,0.0140734,0.0129052,0.0118337,0.130595
1959,0.0302509,0.0801094,0.151592,0.24123,0.346134,0.462296,0.580214,0.680912,0.742414,0.759743,0.747757,0.726938,0.68935,0.68583,0.675275,0.659052,0.638396,0.614398,0.587995,0.559982,0.531022,0.501663,0.472351,0.443444,0.415223,0.387901,0.361636,0.336539,0.312679,0.290096,0.268801,0.248787,0.230031,0.212498,0.196145,0.18092,0.16677,0.153639,0.14147,0.130206,0.11979,0.110166,0.101283,0.0930894,0.0855361,0.0785772,0.0721695,0.0662718,0.060846,0.055856,0.0512683,0.0470518,0.0431774,0.0396182,0.0363492,0.0333474,0.0305914,0.0280614,0.0257392,0.023608,0.0216523,0.0198578,0.0182113,0.0167009,0.0153153,0.0140442,0.0128784,0.0118091,0.130324
1960,0.0304515,0.0796573,0.148368,0.232071,0.327892,0.433891,0.546596,0.656438,0.744372,0.78969,0.790371,0.763841,0.731426,0.684889,0.674165,0.657803,0.637041,0.612969,0.586526,0.558505,0.529567,0.500254,0.471004,0.442168,0.414021,0.386776,0.360586,0.335561,0.31177,0.289252,0.268019,0.248064,0.229363,0.211881,0.195574,0.180394,0.166285,0.153193,0.141059,0.129827,0.119441,0.109846,0.100989,0.0928188,0.0852874,0.0783488,0.0719597,0.0660792,0.0606691,0.0556936,0.0511192,0.046915,0.0430518,0.039503,0.0362435,0.0332505,0.0305024,0.0279798,0.0256644,0.0235393,0.0215893,0.0198,0.0181584,0.0166523,0.0152707,0.0140034,0.012841,0.0117748,0.129945
1961,0.0309127,0.0801854,0.147531,0.227135,0.315443,0.411037,0.513065,0.618553,0.717936,0.792312,0.822279,0.808273,0.769533,0.727689,0.674205,0.657686,0.636779,0.612582,0.586039,0.557947,0.528965,0.499634,0.470387,0.441569,0.41345,0.386237,0.360081,0.33509,0.311332,0.288845,0.267642,0.247715,0.22904,0.211582,0.195299,0.18014,0.166051,0.152977,0.14086,0.129645,0.119273,0.109692,0.100847,0.0926881,0.0851673,0.0782385,0.0718583,0.0659861,0.0605837,0.0556151,0.0510473,0.0468489,0.0429912,0.0394474,0.0361925,0.0332036,0.0304595,0.0279404,0.0256282,0.0235062,0.0215589,0.0197722,0.0181328,0.0166289,0.0152492,0.0139837,0.0128229,0.0117582,0.129762
1962,0.0315319,0.0813999,0.148509,0.225853,0.308731,0.395406,0.485937,0.580321,0.675888,0.763109,0.823463,0.838983,0.812184,0.763456,0.71424,0.655752,0.634733,0.61046,0.583876,0.555774,0.526814,0.497533,0.468361,0.439637,0.411623,0.38452,0.358475,0.333593,0.30994,0.287553,0.266445,0.246606,0.228015,0.210636,0.194425,0.179334,0.165308,0.152292,0.14023,0.129065,0.118739,0.109201,0.100395,0.0922734,0.0847862,0.0778884,0.0715368,0.0656909,0.0603126,0.0553663,0.0508188,0.0466393,0.0427988,0.0392709,0.0360306,0.0330551,0.0303232,0.0278154,0.0255135,0.023401,0.0214625,0.0196837,0.0180517,0.0165545,0.015181,0.0139211,0.0127655,0.0117056,0.129182
1963,0.0322667,0.0830303,0.150758,0.22735,0.306989,0.386999,0.467483,0.549705,0.634258,0.718668,0.793487,0.840676,0.843595,0.806342,0.749901,0.695218,0.633353,0.608969,0.582304,0.554152,0.52517,0.495895,0.466755,0.438084,0.41014,0.383117,0.357158,0.332363,0.308795,0.28649,0.265459,0.245694,0.227171,0.209856,0.193706,0.17867,0.164696,0.151729,0.139711,0.128587,0.1183,0.108797,0.100024,0.0919319,0.0844724,0.0776002,0.0712721,0.0654478,0.0600894,0.0551614,0.0506308,0.0464667,0.0426405,0.0391255,0.0358972,0.0329328,0.030211,0.0277124,0.0254191,0.0233144,0.021383,0.0196108,0.0179849,0.0164932,0.0151248,0.0138696,0.0127183,0.0116623,0.128704
1964,0.0331167,0.0849652,0.153778,0.230794,0.309025,0.38482,0.457561,0.528877,0.600895,0.674573,0.747532,0.81041,0.845696,0.837953,0.792446,0.730327,0.671841,0.607982,0.581204,0.552968,0.523929,0.494623,0.465477,0.436825,0.408919,0.38195,0.356054,0.331327,0.307828,0.285591,0.264625,0.244921,0.226457,0.209196,0.193096,0.178108,0.164178,0.151252,0.139272,0.128182,0.117928,0.108454,0.0997093,0.0916427,0.0842067,0.0773561,0.0710479,0.0652419,0.0599004,0.0549879,0.0504715,0.0463205,0.0425063,0.0390025,0.0357843,0.0328292,0.030116,0.0276253,0.0253392,0.0232411,0.0213158,0.0195492,0.0179283,0.0164413,0.0150773,0.013826,0.0126783,0.0116256,0.128299
1965,0.0341858,0.0872034,0.157361,0.235417,0.313706,0.387377,0.455002,0.517698,0.578222,0.63925,0.701902,0.763788,0.815629,0.840463,0.823946,0.772178,0.706155,0.645282,0.580582,0.552228,0.523098,0.493727,0.46454,0.435869,0.407969,0.381023,0.355166,0.330485,0.307038,0.284854,0.26394,0.244287,0.225869,0.208653,0.192595,0.177646,0.163752,0.150859,0.13891,0.12785,0.117622,0.108173,0.0994506,0.0914049,0.0839882,0.0771553,0.0708635,0.0650726,0.0597449,0.0548452,0.0503405,0.0462003,0.042396,0.0389012,0.0356914,0.032744,0.0300378,0.0275536,0.0252734,0.0231808,0.0212605,0.0194984,0.0178818,0.0163987,0.0150381,0.0137901,0.0126454,0.0115954,0.127966
1966,0.0357333,0.0900188,0.161507,0.240903,0.319986,0.39322,0.457933,0.514561,0.565513,0.614317,0.663966,0.715612,0.766816,0.808429,0.82412,0.80059,0.744471,0.676275,0.614412,0.550032,0.520878,0.491509,0.462348,0.433725,0.405892,0.379031,0.353272,0.3287,0.305366,0.283296,0.262492,0.242945,0.224628,0.207506,0.191536,0.176669,0.162852,0.15003,0.138147,0.127147,0.116975,0.107578,0.0989037,0.0909023,0.0835264,0.076731,0.0704738,0.0647148,0.0594164,0.0545436,0.0500637,0.0459463,0.0421629,0.0386873,0.0354952,0.0325639,0.0298726,0.0274021,0.0251344,0.0230533,0.0211435,0.0193912,0.0177835,0.0163085,0.0149554,0.0137143,0.0125758,0.0115316,0.127262
1967,0.0381525,0.0940937,0.166721,0.247249,0.327444,0.401101,0.464876,0.517966,0.562268,0.601112,0.638495,0.677486,0.719112,0.760804,0.793535,0.801613,0.772697,0.713746,0.644625,0.582718,0.519374,0.489958,0.460774,0.43215,0.404336,0.377514,0.351809,0.327305,0.304049,0.282061,0.261342,0.241877,0.223639,0.206592,0.190692,0.17589,0.162133,0.149368,0.137537,0.126586,0.116459,0.107103,0.0984674,0.0905012,0.0831579,0.0763925,0.0701629,0.0644293,0.0591543,0.054303,0.0498429,0.0457436,0.0419769,0.0385167,0.0353386,0.0324202,0.0297408,0.0272812,0.0250236,0.0229516,0.0210503,0.0193057,0.017705,0.0162366,0.0148895,0.0136538,0.0125203,0.0114808,0.126701
1968,0.0415574,0.100464,0.174268,0.255231,0.33607,0.410449,0.474189,0.52581,0.56597,0.597633,0.624728,0.651442,0.680736,0.713402,0.746709,0.77178,0.773601,0.740726,0.680266,0.611304,0.550177,0.488489,0.459269,0.430632,0.402824,0.376025,0.350362,0.325914,0.302725,0.280813,0.260174,0.24079,0.222631,0.205659,0.18983,0.175095,0.1614,0.148692,0.136915,0.126013,0.115932,0.106619,0.0980221,0.090092,0.0827818,0.0760471,0.0698456,0.0641379,0.0588867,0.0540574,0.0496175,0.0455367,0.0417871,0.0383425,0.0351788,0.0322736,0.0296063,0.0271578,0.0249104,0.0228478,0.0209551,0.0192184,0.0176249,0.0161631,0.0148221,0.013592,0.0124637,0.0114289,0.126128
1969,0.0447896,0.10943,0.186066,0.266785,0.34692,0.42126,0.485236,0.536335,0.574522,0.601538,0.621069,0.637343,0.654505,0.675262,0.70011,0.726158,0.744728,0.741509,0.705901,0.645032,0.577102,0.517402,0.457841,0.429177,0.401363,0.374577,0.348942,0.324537,0.301405,0.279559,0.258994,0.239687,0.221605,0.204709,0.188952,0.174284,0.160653,0.148003,0.136281,0.12543,0.115395,0.106125,0.0975679,0.0896745,0.0823983,0.0756947,0.069522,0.0638407,0.0586139,0.0538069,0.0493876,0.0453257,0.0415934,0.0381648,0.0350158,0.0321241,0.0294692,0.027032,0.024795,0.0227419,0.020858,0.0191293,0.0175433,0.0160882,0.0147534,0.013529,0.012406,0.0113759,0.125543
1970,0.0446683,0.117941,0.202672,0.284846,0.362624,0.434859,0.498014,0.54882,0.586003,0.610597,0.625086,0.633559,0.640281,0.649178,0.662612,0.68077,0.70063,0.713757,0.706572,0.669266,0.608877,0.542665,0.484888,0.427796,0.399964,0.373178,0.34756,0.323186,0.300098,0.278309,0.25781,0.238574,0.220567,0.203744,0.188058,0.173459,0.159892,0.147302,0.135635,0.124835,0.114848,0.105622,0.0971053,0.0892494,0.0820076,0.0753358,0.0691924,0.063538,0.058336,0.0535518,0.0491534,0.0451108,0.0413962,0.0379839,0.0348498,0.0319718,0.0293294,0.0269038,0.0246774,0.0226341,0.0207591,0.0190386,0.0174601,0.016012,0.0146835,0.0134649,0.0123472,0.011322,0.124948
1971,0.0407194,0.117621,0.218435,0.310267,0.387174,0.454543,0.51409,0.563269,0.599639,0.622791,0.634489,0.637643,0.636464,0.635053,0.636999,0.644289,0.656819,0.671474,0.680107,0.669883,0.631735,0.572526,0.508548,0.453055,0.398666,0.371867,0.346252,0.321897,0.298841,0.277095,0.25665,0.237476,0.219536,0.202783,0.187167,0.172634,0.15913,0.1466,0.134988,0.124239,0.1143,0.105118,0.0966421,0.0888236,0.0816164,0.0749764,0.0688623,0.0632349,0.0580577,0.0532964,0.0489189,0.0448956,0.0411988,0.0378027,0.0346835,0.0318193,0.0291895,0.0267755,0.0245597,0.0225261,0.0206601,0.0189478,0.0173768,0.0159356,0.0146135,0.0134007,0.0122883,0.011268,0.124352
1972,0.0361583,0.107223,0.217843,0.334399,0.421727,0.485315,0.537357,0.581443,0.61541,0.637257,0.647123,0.64719,0.640517,0.631214,0.623084,0.619329,0.621564,0.629428,0.639758,0.644733,0.632258,0.593965,0.536482,0.475118,0.422165,0.370625,0.345003,0.320656,0.297621,0.275909,0.255506,0.236386,0.218506,0.201817,0.186267,0.171799,0.158358,0.145888,0.134332,0.123636,0.113745,0.104607,0.0961722,0.0883917,0.0812195,0.0746119,0.0685275,0.0629275,0.0577754,0.0530372,0.0486811,0.0446773,0.0409984,0.0376189,0.0345149,0.0316646,0.0290476,0.0266453,0.0244403,0.0224166,0.0205596,0.0188557,0.0172923,0.0158581,0.0145424,0.0133355,0.0122285,0.0112132,0.123747
1973,0.0330087,0.0952126,0.198585,0.333493,0.454527,0.528627,0.573735,0.607758,0.635265,0.654015,0.662152,0.660074,0.650104,0.63523,0.619314,0.605796,0.597481,0.59564,0.599695,0.606479,0.608517,0.594453,0.556568,0.501213,0.442721,0.392469,0.343849,0.319498,0.296472,0.274781,0.254411,0.235332,0.217501,0.200869,0.185378,0.170972,0.157592,0.14518,0.133679,0.123034,0.113191,0.104098,0.0957041,0.0879615,0.0808242,0.0742487,0.0681939,0.0626212,0.0574942,0.052779,0.0484441,0.0444598,0.0407989,0.0374357,0.0343469,0.0315104,0.0289062,0.0265156,0.0243213,0.0223075,0.0204595,0.0187639,0.0172081,0.0157809,0.0144716,0.0132706,0.012169,0.0111586,0.123145
1974,0.0314306,0.0869191,0.17634,0.304011,0.453296,0.569741,0.624935,0.648896,0.664003,0.675096,0.679538,0.675372,0.663011,0.644701,0.623217,0.602094,0.584389,0.572525,0.567468,0.568464,0.572376,0.572096,0.556991,0.519946,0.467008,0.411554,0.364093,0.318409,0.295383,0.273703,0.253355,0.234308,0.216517,0.199933,0.184496,0.170146,0.156824,0.144468,0.133022,0.122428,0.112633,0.103585,0.0952323,0.0875278,0.0804257,0.0738826,0.0678577,0.0623124,0.0572107,0.0525188,0.0482052,0.0442406,0.0405977,0.0372512,0.0341775,0.0313551,0.0287637,0.0263848,0.0242014,0.0221975,0.0203586,0.0186714,0.0171233,0.0157031,0.0144003,0.0132052,0.012109,0.0111036,0.122538
1975,0.03063,0.0827636,0.16098,0.269957,0.413222,0.568197,0.673537,0.706798,0.708939,0.705622,0.701423,0.693083,0.678352,0.657474,0.632482,0.605862,0.580793,0.559956,0.545422,0.537892,0.536475,0.538095,0.536019,0.520318,0.484441,0.434112,0.38178,0.33714,0.294363,0.272685,0.25235,0.233325,0.215566,0.19902,0.183628,0.169328,0.156059,0.143757,0.132364,0.121821,0.112074,0.10307,0.0947587,0.0870925,0.0800256,0.0735151,0.0675201,0.0620024,0.0569261,0.0522576,0.0479654,0.0440206,0.0403958,0.0370659,0.0340075,0.0311991,0.0286206,0.0262536,0.024081,0.0220871,0.0202574,0.0185785,0.0170381,0.015625,0.0143286,0.0131395,0.0120487,0.0110483,0.121928
1976,0.029261,0.0806556,0.153284,0.246443,0.366935,0.517965,0.671708,0.761755,0.772177,0.753341,0.733097,0.715353,0.696083,0.672626,0.644953,0.614811,0.584371,0.556456,0.533396,0.516945,0.507574,0.504295,0.504113,0.500678,0.48474,0.450272,0.402667,0.353484,0.311649,0.271718,0.251387,0.232377,0.214641,0.198125,0.182771,0.168515,0.155294,0.143042,0.1317,0.121207,0.111507,0.102548,0.0942784,0.0866509,0.0796198,0.0731423,0.0671777,0.061688,0.0566374,0.0519925,0.0477222,0.0437973,0.0401909,0.0368779,0.033835,0.0310409,0.0284754,0.0261204,0.0239589,0.0219751,0.0201546,0.0184843,0.0169517,0.0155457,0.0142559,0.0130728,0.0119876,0.0109923,0.12131
1977,0.0267059,0.0770506,0.14938,0.234661,0.334976,0.459966,0.612415,0.759948,0.832743,0.821337,0.783697,0.748849,0.719752,0.691561,0.661168,0.628248,0.594261,0.56108,0.531197,0.506631,0.488854,0.478151,0.473461,0.471886,0.467444,0.451518,0.418554,0.373623,0.327459,0.288291,0.251033,0.231987,0.214227,0.197699,0.182341,0.16809,0.15488,0.142647,0.131326,0.120857,0.111183,0.102248,0.0940023,0.0863968,0.0793862,0.0729276,0.0669805,0.0615069,0.0564711,0.0518399,0.0475821,0.0436687,0.0400729,0.0367696,0.0337357,0.0309497,0.0283919,0.0260438,0.0238885,0.0219106,0.0200955,0.01843,0.0169019,0.0155001,0.0142141,0.0130345,0.0119524,0.01096,0.120954
1978,0.0239861,0.0703224,0.142703,0.228683,0.318956,0.419865,0.543674,0.692373,0.829685,0.883986,0.852131,0.797906,0.750643,0.712194,0.676917,0.641266,0.604598,0.56807,0.533252,0.502317,0.476986,0.458484,0.446934,0.441238,0.438619,0.433485,0.417858,0.386649,0.344587,0.301579,0.265169,0.230637,0.212924,0.196447,0.181145,0.166953,0.153806,0.141638,0.130385,0.119983,0.110373,0.101501,0.0933139,0.0857635,0.078804,0.0723926,0.0664891,0.0610556,0.0560568,0.0514595,0.0472329,0.0433483,0.0397789,0.0364998,0.0334882,0.0307226,0.0281835,0.0258527,0.0237132,0.0217498,0.019948,0.0182948,0.0167779,0.0153864,0.0141098,0.0129388,0.0118647,0.0108796,0.120066
1979,0.0223263,0.0631607,0.130242,0.218462,0.310833,0.399794,0.496311,0.614761,0.756143,0.881159,0.917717,0.868259,0.800528,0.743473,0.697813,0.657215,0.617768,0.578556,0.540462,0.50479,0.473422,0.447824,0.429002,0.416954,0.410562,0.407181,0.401592,0.386412,0.356976,0.317687,0.277682,0.243881,0.211908,0.195457,0.180187,0.166033,0.152927,0.140805,0.129599,0.119248,0.109689,0.100868,0.0927293,0.0852249,0.0783086,0.0719372,0.0660707,0.0606714,0.055704,0.0511357,0.0469357,0.0430755,0.0395285,0.0362701,0.0332774,0.0305293,0.0280062,0.02569,0.023564,0.0216129,0.0198225,0.0181796,0.0166723,0.0152895,0.014021,0.0128574,0.0117901,0.0108111,0.119311
1980,0.0221774,0.0587901,0.116978,0.199386,0.296942,0.389626,0.472641,0.56136,0.671722,0.803679,0.91574,0.936281,0.872376,0.794125,0.729654,0.67864,0.634208,0.592168,0.551382,0.512493,0.47657,0.445241,0.419747,0.400912,0.388633,0.38179,0.377871,0.372008,0.35737,0.329674,0.293016,0.255828,0.224461,0.194858,0.179587,0.165439,0.152345,0.14024,0.129058,0.118733,0.109205,0.100415,0.092309,0.0848364,0.0779505,0.0716078,0.0657679,0.0603932,0.0554485,0.0509011,0.0467204,0.0428779,0.0393472,0.0361037,0.0331248,0.0303892,0.0278777,0.0255721,0.0234559,0.0215138,0.0197315,0.0180962,0.0165959,0.0152194,0.0139567,0.0127984,0.011736,0.0107615,0.118763
1981,0.0234108,0.0583981,0.108883,0.17908,0.271012,0.372207,0.460591,0.534506,0.6132,0.713641,0.834731,0.933597,0.939958,0.864641,0.778651,0.708941,0.654261,0.607347,0.563815,0.522346,0.483378,0.447771,0.416926,0.391887,0.373322,0.361052,0.353968,0.349699,0.343719,0.329722,0.303781,0.269697,0.235231,0.206203,0.178865,0.164729,0.151655,0.139573,0.128417,0.118123,0.108629,0.0998754,0.0918065,0.0843709,0.0775208,0.071212,0.0654039,0.0600587,0.0551414,0.0506191,0.0464615,0.0426403,0.0391292,0.0359037,0.0329412,0.0302208,0.0277232,0.0254304,0.0233259,0.0213946,0.0196222,0.017996,0.0165039,0.0151351,0.0138794,0.0127275,0.011671,0.0107019,0.118105
1982,0.0250773,0.0616457,0.108157,0.166688,0.243411,0.339698,0.439975,0.520812,0.583731,0.651235,0.740861,0.850514,0.936645,0.93096,0.847162,0.75597,0.682946,0.626064,0.577816,0.533708,0.492287,0.453813,0.418968,0.388949,0.364633,0.346556,0.334479,0.327322,0.322854,0.316878,0.303588,0.279387,0.247789,0.215929,0.189131,0.163939,0.150887,0.138831,0.127706,0.117445,0.107987,0.0992712,0.0912419,0.0838461,0.0770352,0.0707641,0.0649916,0.0596797,0.0547931,0.0502994,0.046168,0.0423709,0.0388819,0.0356768,0.0327331,0.0300299,0.027548,0.0252697,0.0231786,0.0212594,0.0194982,0.0178823,0.0163996,0.0150394,0.0137917,0.0126471,0.0115972,0.0106343,0.117359
1983,0.0252599,0.066034,0.114172,0.165577,0.22657,0.305122,0.401634,0.49775,0.569299,0.620814,0.67736,0.756619,0.855538,0.930318,0.914852,0.824989,0.730496,0.65554,0.597476,0.548666,0.504563,0.463619,0.425945,0.392072,0.363028,0.339546,0.322052,0.310265,0.303137,0.298571,0.292672,0.280079,0.257492,0.228166,0.198669,0.173889,0.150631,0.138559,0.127424,0.117159,0.107702,0.0989922,0.0909728,0.0835903,0.0767947,0.0705401,0.0647842,0.0594884,0.0546171,0.0501376,0.0460194,0.0422345,0.0387568,0.035562,0.0326277,0.0299332,0.0274594,0.0251884,0.0231039,0.0211909,0.0194354,0.0178247,0.0163468,0.014991,0.0137473,0.0126064,0.0115599,0.0106001,0.116981
1984,0.0236387,0.0665149,0.1223,0.174784,0.225053,0.283966,0.360565,0.453821,0.542877,0.603393,0.642745,0.687884,0.756239,0.843912,0.907648,0.884349,0.791248,0.695924,0.620901,0.563062,0.514795,0.471598,0.431868,0.395597,0.363185,0.335503,0.313158,0.296485,0.285174,0.278224,0.273685,0.267974,0.256185,0.235313,0.208346,0.181281,0.158569,0.137282,0.126215,0.116019,0.10663,0.0979866,0.0900332,0.0827155,0.0759833,0.0697898,0.0640923,0.0588515,0.0540316,0.0495998,0.0455256,0.0417812,0.0383408,0.0351803,0.0322775,0.0296119,0.0271646,0.024918,0.0228559,0.0209635,0.0192268,0.0176334,0.0161714,0.0148301,0.0135997,0.012471,0.0114358,0.0104863,0.115726
1985,0.0224952,0.0622458,0.12319,0.187226,0.237561,0.282022,0.335405,0.406966,0.493965,0.573604,0.622101,0.649409,0.683566,0.741307,0.817979,0.871527,0.842447,0.748675,0.654656,0.581142,0.524693,0.477873,0.436298,0.398356,0.363945,0.333353,0.307314,0.286327,0.270646,0.259948,0.25329,0.248875,0.243436,0.232518,0.213403,0.188811,0.16418,0.143528,0.124196,0.114133,0.10487,0.0963477,0.0885094,0.0813015,0.0746741,0.0685803,0.0629771,0.057825,0.0530878,0.0487326,0.0447294,0.0410503,0.03767,0.0345647,0.0317127,0.0290938,0.0266893,0.024482,0.022456,0.0205967,0.0188904,0.0173248,0.0158884,0.0145706,0.0133617,0.0122528,0.0112357,0.0103028,0.113701
1986,0.0231807,0.0592348,0.115284,0.18859,0.254476,0.297719,0.333188,0.378775,0.443409,0.522726,0.592612,0.630138,0.647183,0.672145,0.720855,0.788032,0.83302,0.799812,0.706666,0.614814,0.543379,0.488715,0.443605,0.403809,0.367728,0.335185,0.306382,0.281938,0.26226,0.247542,0.237455,0.231112,0.226854,0.221697,0.211584,0.194051,0.17158,0.149111,0.130288,0.112689,0.103515,0.0950796,0.0873246,0.080197,0.0736468,0.0676276,0.0620959,0.0570118,0.0523389,0.0480439,0.0440966,0.0404693,0.0371367,0.0340753,0.0312637,0.0286818,0.0263114,0.0241354,0.0221381,0.020305,0.0186229,0.0170795,0.0156634,0.0143643,0.0131725,0.0120793,0.0110766,0.0101569,0.112091
1987,0.0250314,0.0610398,0.109707,0.176486,0.256334,0.31895,0.35185,0.376564,0.413282,0.470255,0.541643,0.602431,0.630549,0.639184,0.656621,0.69775,0.756823,0.794675,0.758583,0.666871,0.577649,0.508573,0.455868,0.412562,0.374569,0.340311,0.309559,0.282445,0.259492,0.241036,0.22722,0.217714,0.211684,0.207598,0.202716,0.19333,0.177196,0.156588,0.136013,0.118789,0.102701,0.0943065,0.086593,0.079507,0.0729984,0.0670206,0.06153,0.0564865,0.051853,0.0475958,0.0436842,0.0400903,0.0367886,0.0337558,0.0309705,0.0284128,0.0260646,0.0239089,0.0219304,0.0201145,0.0184482,0.0169193,0.0155165,0.0142295,0.013049,0.011966,0.0109727,0.0100616,0.111039
1988,0.0266282,0.0659131,0.11305,0.167949,0.239877,0.321239,0.376788,0.397281,0.410161,0.437143,0.485536,0.548224,0.599849,0.619437,0.620945,0.631951,0.666249,0.717793,0.749322,0.71169,0.622903,0.537491,0.471622,0.421492,0.380453,0.344618,0.312458,0.283708,0.258441,0.237099,0.219955,0.207113,0.198248,0.192584,0.188715,0.184145,0.175507,0.160769,0.141999,0.123285,0.107629,0.0930185,0.0853874,0.0783805,0.0719478,0.0660426,0.0606217,0.055645,0.0510753,0.0468786,0.043024,0.0394834,0.0362312,0.0332441,0.0305009,0.0279819,0.0256693,0.0235464,0.0215978,0.0198095,0.0181684,0.0166627,0.0152812,0.0140137,0.0128511,0.0117845,0.0108063,0.00990904,0.109355
1989,0.0271514,0.0701179,0.122076,0.173066,0.228269,0.300588,0.379384,0.425161,0.432207,0.433042,0.450229,0.489949,0.544,0.587093,0.599429,0.595244,0.600997,0.629336,0.674084,0.700148,0.662067,0.577244,0.496414,0.434286,0.387109,0.34861,0.315127,0.285201,0.258542,0.235179,0.215483,0.199676,0.187828,0.179627,0.174355,0.17073,0.16649,0.158589,0.145198,0.128187,0.111248,0.0970856,0.0838789,0.0769752,0.0706402,0.0648276,0.0594944,0.0546008,0.0501099,0.0459879,0.0422036,0.0387287,0.0355377,0.0326074,0.0299165,0.0274457,0.0251773,0.0230951,0.0211838,0.0194298,0.0178202,0.0163433,0.0149883,0.0137451,0.0126047,0.0115587,0.0105992,0.00971911,0.107259
1990,0.0257545,0.0714955,0.129863,0.186883,0.235205,0.285914,0.35448,0.426646,0.459683,0.451998,0.44033,0.447278,0.477626,0.522328,0.556868,0.562955,0.554457,0.555965,0.578763,0.616775,0.637802,0.600792,0.522052,0.447617,0.390571,0.347337,0.312153,0.28166,0.254502,0.230382,0.209297,0.191552,0.177321,0.16665,0.159246,0.154462,0.151154,0.147315,0.140253,0.128352,0.113268,0.0982648,0.0857273,0.0740442,0.0679322,0.0623269,0.0571864,0.052472,0.0481479,0.0441812,0.0405414,0.0372008,0.0341342,0.0313187,0.0287337,0.0263605,0.0241817,0.0221817,0.0203461,0.0186614,0.0171155,0.015697,0.0143955,0.0132015,0.0121063,0.0111016,0.01018,0.00933474,0.103017
1991,0.0288374,0.0678173,0.132415,0.198805,0.253987,0.294633,0.337292,0.398961,0.461971,0.481824,0.461012,0.439078,0.437877,0.460699,0.497809,0.525548,0.526984,0.515474,0.513849,0.532214,0.564673,0.581679,0.546077,0.473099,0.404582,0.352204,0.312576,0.280403,0.252604,0.227921,0.206058,0.186987,0.170961,0.158118,0.148483,0.141785,0.137437,0.134417,0.130937,0.124603,0.113983,0.100552,0.0872043,0.0760558,0.0656736,0.0602385,0.0552565,0.0506896,0.046503,0.0426644,0.0391442,0.0359151,0.0329521,0.0302328,0.0277368,0.0254455,0.0233422,0.0214115,0.0196396,0.0180134,0.0165211,0.0151519,0.0138956,0.0127431,0.0116859,0.0107161,0.00982649,0.00901059,0.09944
1992,0.0301115,0.0759353,0.125602,0.202709,0.270165,0.317998,0.347002,0.378156,0.428953,0.478997,0.484306,0.451581,0.421239,0.413228,0.429158,0.458949,0.480455,0.478399,0.465178,0.461351,0.47573,0.5028,0.516193,0.48316,0.417494,0.356204,0.309454,0.274137,0.245525,0.220867,0.199032,0.179736,0.162937,0.148838,0.137547,0.129073,0.123171,0.119327,0.116645,0.113573,0.108036,0.0987917,0.0871219,0.0755351,0.0658613,0.0568574,0.052141,0.0478198,0.0438602,0.0402316,0.0369058,0.0338566,0.0310603,0.0284951,0.0261414,0.0239812,0.0219987,0.020179,0.018509,0.0169764,0.01557,0.0142796,0.0130957,0.0120095,0.0110131,0.0100991,0.00926078,0.00849185,0.0937152
1993,0.0245673,0.0792902,0.140637,0.19228,0.275465,0.338212,0.374373,0.38869,0.40591,0.443629,0.479814,0.472416,0.431179,0.39549,0.382877,0.393488,0.417242,0.433725,0.429303,0.41531,0.410074,0.421225,0.44369,0.454155,0.423979,0.365509,0.311212,0.269876,0.238691,0.213473,0.19179,0.172633,0.15574,0.141057,0.128748,0.118895,0.111499,0.106341,0.102969,0.100609,0.0979194,0.0931111,0.0851165,0.0750401,0.0650432,0.0566999,0.0489382,0.0448704,0.0411448,0.0377323,0.034606,0.0317414,0.0291158,0.0267084,0.0245005,0.022475,0.0206164,0.0189108,0.0173456,0.0159093,0.0145913,0.013382,0.0122725,0.0112546,0.0103208,0.00946429,0.00867864,0.00795805,0.0878242
1994,0.0292359,0.064691,0.146851,0.215297,0.26129,0.344826,0.398092,0.419158,0.416867,0.419257,0.443616,0.467046,0.449991,0.403774,0.36545,0.350081,0.356725,0.375596,0.388111,0.382195,0.368103,0.362061,0.37065,0.389257,0.397396,0.370132,0.318435,0.270638,0.234314,0.206942,0.184842,0.165879,0.14916,0.134443,0.12167,0.110973,0.102416,0.0959899,0.0915022,0.0885603,0.0864956,0.0841528,0.0799944,0.0731047,0.0644336,0.0558366,0.0486641,0.0419946,0.0384974,0.0352957,0.032364,0.0296789,0.0272192,0.0249652,0.0228991,0.0210045,0.0192667,0.0176723,0.0162094,0.014867,0.0136353,0.0125052,0.0114684,0.0105172,0.00964459,0.00884418,0.00811001,0.00743663,0.0820699
1995,0.0363422,0.0769844,0.119812,0.22481,0.292585,0.32719,0.406313,0.446825,0.451599,0.433604,0.42322,0.436812,0.45073,0.427382,0.378651,0.339235,0.322266,0.326101,0.341324,0.350905,0.344032,0.330071,0.323557,0.330249,0.345921,0.352336,0.327492,0.281239,0.238641,0.206315,0.181982,0.162364,0.14556,0.130771,0.117774,0.106508,0.0970826,0.089545,0.0838841,0.0799259,0.0773247,0.0754944,0.0734257,0.069777,0.0637507,0.0561759,0.0486706,0.0424106,0.0365921,0.0335398,0.0307462,0.028189,0.0258475,0.0237031,0.0217384,0.0199378,0.0182869,0.0167728,0.015384,0.0141098,0.0129407,0.0118681,0.0108841,0.00998137,0.00915324,0.0083936,0.00769683,0.00705776,0.0778887
1996,0.0397221,0.095697,0.142581,0.183417,0.305522,0.366436,0.385728,0.45659,0.48245,0.471293,0.439663,0.419007,0.424169,0.430956,0.4036,0.354013,0.314552,0.296755,0.29852,0.31087,0.318188,0.310755,0.297139,0.29041,0.29564,0.308953,0.314038,0.291365,0.249811,0.21167,0.182765,0.161027,0.143523,0.128553,0.1154,0.103856,0.0938618,0.0855064,0.0788274,0.0738104,0.0702989,0.0679863,0.0663554,0.0645183,0.0612963,0.0559893,0.0493264,0.0427282,0.0372263,0.0321142,0.0294315,0.0269769,0.0247305,0.0226741,0.0207911,0.0190663,0.0174858,0.016037,0.0147084,0.0134898,0.0123719,0.0113464,0.0104056,0.00954253,0.0087508,0.00802456,0.00735843,0.00674745,0.0744642
1997,0.0249256,0.104597,0.177237,0.218273,0.249268,0.382637,0.431992,0.43345,0.492976,0.503461,0.477844,0.435248,0.406839,0.405517,0.406929,0.377295,0.328217,0.289617,0.271623,0.271852,0.281852,0.287377,0.279717,0.266666,0.259945,0.264014,0.275338,0.279362,0.258775,0.221552,0.187486,0.1617,0.142324,0.126739,0.113429,0.10175,0.0915132,0.0826598,0.0752632,0.0693527,0.0649122,0.0618016,0.059749,0.0582987,0.0566699,0.0538273,0.0491567,0.0432988,0.0375006,0.0326669,0.0281772,0.0258202,0.0236642,0.0216916,0.0198862,0.0182333,0.0167196,0.0153326,0.0140614,0.0128959,0.0118269,0.0108464,0.00994698,0.00912191,0.00836506,0.00767083,0.00703406,0.00645001,0.0711817
1998,0.0271983,0.0656345,0.193721,0.271329,0.296644,0.312224,0.451277,0.485903,0.468815,0.515836,0.512317,0.475145,0.424739,0.391067,0.385089,0.382626,0.351868,0.303994,0.26667,0.248835,0.247948,0.25608,0.260219,0.25253,0.240118,0.233524,0.236694,0.246398,0.249597,0.230872,0.197411,0.166869,0.143773,0.126431,0.112497,0.10061,0.0901937,0.0810729,0.0731922,0.0666125,0.0613563,0.057407,0.0546382,0.0528081,0.0515129,0.050062,0.0475408,0.0434076,0.0382284,0.0331042,0.0288334,0.0248675,0.0227849,0.0208804,0.0191381,0.0175439,0.0160846,0.0147483,0.0135242,0.0124023,0.0113737,0.0104305,0.00956544,0.00877195,0.00804412,0.00737651,0.00676416,0.00620252,0.0684504
1999,0.047859,0.0716189,0.12156,0.296563,0.368767,0.37166,0.368535,0.50856,0.527378,0.493182,0.528698,0.513913,0.468317,0.412691,0.375567,0.366284,0.361024,0.329745,0.283219,0.247191,0.229646,0.227948,0.23463,0.237714,0.230087,0.218271,0.211843,0.214329,0.222757,0.225326,0.208157,0.177787,0.150129,0.129234,0.113555,0.100967,0.0902409,0.0808518,0.0726387,0.065548,0.0596312,0.0549059,0.051355,0.0488638,0.0472149,0.0460461,0.0447398,0.0424787,0.0387791,0.0341471,0.029566,0.0257485,0.0222045,0.020343,0.018641,0.0170843,0.01566,0.0143565,0.0131631,0.0120699,0.0110681,0.0101498,0.0093078,0.00853556,0.00782728,0.00717764,0.00658179,0.00603529,0.0666048
2000,0.111234,0.126023,0.132643,0.186093,0.403037,0.461847,0.438157,0.414144,0.549121,0.550398,0.500101,0.52347,0.499077,0.447808,0.38976,0.351161,0.339664,0.332475,0.301883,0.257973,0.224165,0.207452,0.205223,0.210612,0.212822,0.205516,0.194564,0.188491,0.190396,0.197599,0.199624,0.184204,0.15717,0.1326,0.114054,0.100144,0.0889862,0.0794877,0.0711811,0.0639213,0.0576581,0.0524343,0.0482636,0.0451291,0.0429288,0.0414704,0.0404354,0.0392809,0.0372895,0.0340367,0.0299671,0.0259437,0.0225915,0.0194801,0.0178455,0.0163511,0.0149846,0.0137346,0.0125906,0.0115434,0.0105843,0.00970541,0.00889985,0.00816125,0.00748392,0.00686273,0.00629299,0.00577046,0.0636821
2001,0.0286444,0.292903,0.233404,0.20306,0.252912,0.504854,0.544784,0.49302,0.448237,0.575184,0.560867,0.49813,0.511826,0.48074,0.426185,0.367308,0.328242,0.315318,0.306835,0.277192,0.235832,0.204137,0.18828,0.185704,0.190081,0.191631,0.184675,0.174515,0.168796,0.170258,0.176475,0.178081,0.16416,0.139942,0.11797,0.101397,0.0889747,0.079016,0.0705458,0.0631449,0.0566816,0.0511091,0.0464635,0.0427553,0.0399681,0.0380105,0.0367116,0.0357886,0.034761,0.0329938,0.0301117,0.0265082,0.0229467,0.0199798,0.0172266,0.0157799,0.0144575,0.0132484,0.0121425,0.0111306,0.0102044,0.00935611,0.00857893,0.00786662,0.00721355,0.00661471,0.00606552,0.00556186,0.0613798
2002,0.0171094,0.0754269,0.542476,0.357312,0.275977,0.316833,0.595691,0.613424,0.534285,0.470429,0.587666,0.56045,0.488826,0.494963,0.45941,0.403327,0.3448,0.306023,0.292255,0.282955,0.254495,0.215688,0.186071,0.171108,0.168325,0.171894,0.172941,0.16636,0.156955,0.151594,0.152713,0.15811,0.159388,0.146796,0.125039,0.105332,0.0904769,0.079347,0.0704299,0.0628514,0.0562348,0.0504604,0.0454848,0.0413384,0.0380292,0.0355419,0.033794,0.0326331,0.0318073,0.0308894,0.029315,0.0267511,0.0235472,0.0203815,0.0177448,0.0152984,0.0140126,0.0128375,0.0117633,0.0107808,0.00988196,0.00905925,0.00830588,0.0076157,0.00698316,0.00640328,0.00587156,0.00538396,0.0594162
2003,0.0183744,0.0450528,0.139696,0.830467,0.485649,0.345842,0.374238,0.672403,0.667779,0.564646,0.485153,0.593966,0.557152,0.47938,0.479968,0.441329,0.384395,0.326401,0.288011,0.273669,0.263797,0.236353,0.199638,0.171713,0.157491,0.154572,0.157526,0.158198,0.151933,0.143138,0.138074,0.138935,0.1437,0.144731,0.13319,0.113369,0.0954401,0.0819332,0.0718176,0.0637177,0.0568383,0.0508362,0.0456013,0.0410928,0.0373371,0.0343402,0.0320874,0.0305037,0.0294509,0.0287013,0.0278693,0.0264457,0.0241301,0.0212381,0.0183813,0.016002,0.013795,0.0126348,0.0115746,0.0106055,0.00971927,0.00890857,0.0081666,0.00748723,0.00686488,0.00629453,0.0057717,0.00529232,0.058404
2004,0.0268125,0.0483839,0.083441,0.213858,1.12877,0.608655,0.408639,0.422759,0.733025,0.707269,0.584034,0.492117,0.592883,0.548795,0.467,0.463255,0.422624,0.365633,0.308671,0.270997,0.256373,0.246177,0.219822,0.185124,0.158812,0.145322,0.142336,0.144793,0.145177,0.139228,0.131002,0.126224,0.126883,0.131117,0.131952,0.121343,0.103219,0.0868457,0.0745171,0.0652874,0.0579004,0.0516303,0.0461631,0.0413974,0.0372947,0.0338782,0.0311525,0.0291034,0.0276623,0.0267035,0.0260204,0.0252631,0.02397,0.0218691,0.0192464,0.0166562,0.0144992,0.0124987,0.0114468,0.0104858,0.00960743,0.00880427,0.00806961,0.00739728,0.00678171,0.00621784,0.00570112,0.00522747,0.0576868
2005,0.0325785,0.070603,0.0896104,0.127739,0.290678,1.41473,0.719273,0.461769,0.461147,0.777078,0.732448,0.5933,0.492051,0.585057,0.535644,0.451621,0.444499,0.402797,0.346463,0.291018,0.254379,0.239727,0.229417,0.204249,0.171558,0.146835,0.134087,0.131094,0.133142,0.133303,0.127679,0.119999,0.115505,0.116004,0.119779,0.120456,0.1107,0.0941119,0.0791431,0.067877,0.0594456,0.0527003,0.046978,0.0419913,0.0376464,0.0339076,0.0307949,0.028312,0.0264452,0.0251321,0.0242577,0.0236343,0.0229439,0.0217675,0.0198579,0.017475,0.0151222,0.013163,0.0113462,0.0103909,0.00951806,0.00872039,0.00799111,0.00732405,0.00671365,0.00615481,0.00564293,0.00517388,0.0570926
2006,0.0769208,0.0857863,0.130762,0.137183,0.173617,0.364241,1.67072,0.811528,0.502266,0.486727,0.800018,0.738743,0.588401,0.481298,0.565804,0.513143,0.42922,0.419597,0.37802,0.323514,0.270548,0.235578,0.221261,0.211116,0.187464,0.157095,0.134181,0.122309,0.119386,0.121078,0.121071,0.115831,0.108754,0.104587,0.104955,0.108292,0.108835,0.0999638,0.0849409,0.0713982,0.0612096,0.0535869,0.0474909,0.042322,0.0378196,0.0338984,0.0305255,0.0277181,0.0254789,0.0237955,0.0226108,0.0218216,0.0212585,0.0206355,0.0195757,0.017857,0.0157132,0.0135967,0.0118345,0.0102006,0.00934125,0.00855627,0.00783892,0.00718312,0.00658333,0.0060345,0.00553206,0.00507187,0.0559619
2007,0.0456299,0.202549,0.158882,0.200181,0.186451,0.217543,0.430073,1.88422,0.882016,0.529496,0.500292,0.805317,0.731018,0.574164,0.464294,0.540646,0.486425,0.404115,0.392756,0.352055,0.299969,0.249894,0.21686,0.203076,0.193258,0.171209,0.14318,0.122074,0.111094,0.108284,0.109679,0.109548,0.104701,0.0982159,0.0943771,0.0946411,0.0975882,0.098021,0.0899856,0.0764274,0.0642159,0.0550322,0.0481631,0.0426717,0.0380173,0.033965,0.0304371,0.0274034,0.024879,0.0228658,0.0213521,0.0202866,0.0195764,0.0190694,0.018509,0.0175571,0.0160145,0.014091,0.0121923,0.0106116,0.0091461,0.00837527,0.00767119,0.00702783,0.0064397,0.00590182,0.00540969,0.00495917,0.05471
2008,0.0211974,0.120154,0.375135,0.243229,0.272048,0.2335,0.256419,0.483096,2.03294,0.919434,0.536075,0.494389,0.780354,0.697351,0.540919,0.433021,0.500069,0.446803,0.369011,0.356818,0.318432,0.270276,0.224398,0.194156,0.181339,0.172173,0.152217,0.127067,0.108161,0.0982916,0.0956835,0.0968063,0.0965932,0.0922366,0.0864542,0.0830157,0.0831947,0.0857365,0.0860729,0.0789809,0.0670535,0.0563192,0.0482492,0.0422144,0.0373915,0.0333053,0.029749,0.026654,0.0239934,0.0217798,0.0200147,0.0186875,0.0177531,0.0171299,0.0166848,0.0161932,0.0153593,0.014009,0.0123257,0.0106643,0.00928134,0.00799921,0.00732478,0.00670879,0.00614596,0.00563149,0.005161,0.00473054,0.0521751
2009,0.0218103,0.0558173,0.222533,0.574287,0.330576,0.340843,0.275614,0.288971,0.524342,2.13867,0.942401,0.537774,0.487313,0.758268,0.669756,0.514541,0.408604,0.468661,0.416298,0.342082,0.329325,0.292767,0.247654,0.205006,0.176913,0.164852,0.156199,0.137844,0.114883,0.0976499,0.088627,0.0861776,0.087101,0.0868311,0.0828484,0.0775989,0.0744651,0.0745831,0.0768226,0.0770889,0.0707083,0.0600083,0.0503855,0.0431531,0.0377459,0.0334257,0.0297667,0.0265832,0.0238136,0.0214333,0.0194533,0.0178746,0.0166875,0.0158516,0.0152938,0.0148953,0.0144554,0.0137102,0.0125041,0.011001,0.00951783,0.00828319,0.0071387,0.00653661,0.00598673,0.00548433,0.00502513,0.0046052,0.0507744
2010,0.0343831,0.0574312,0.103378,0.340672,0.780555,0.414263,0.4026,0.311108,0.31458,0.554148,2.20567,0.952536,0.53463,0.477915,0.735328,0.643425,0.49041,0.386817,0.441097,0.389841,0.318935,0.305863,0.270992,0.228555,0.1887,0.162465,0.151079,0.142889,0.125895,0.104774,0.0889444,0.0806345,0.0783269,0.079095,0.0787868,0.0751192,0.0703146,0.0674364,0.0675089,0.0695043,0.0697168,0.0639231,0.0542323,0.0455224,0.0389779,0.0340858,0.0301783,0.0268697,0.0239921,0.0214892,0.0193386,0.0175501,0.016124,0.0150518,0.0142965,0.0137924,0.0134321,0.0130346,0.0123619,0.0112739,0.00991827,0.0085807,0.00746735,0.00643537,0.00589243,0.00539661,0.00494362,0.00452959,0.0499156
2011,0.0389571,0.0905382,0.106367,0.158258,0.463,0.9778,0.488749,0.453213,0.336996,0.329926,0.565645,2.20152,0.933536,0.516293,0.456044,0.69485,0.603084,0.456519,0.357976,0.406145,0.357372,0.291248,0.278368,0.2459,0.206849,0.170384,0.146395,0.135888,0.128315,0.112892,0.0938335,0.0795664,0.0720599,0.0699348,0.070564,0.0702387,0.0669263,0.06261,0.0600166,0.0600537,0.0618036,0.06197,0.0568016,0.0481763,0.0404285,0.0346082,0.0302583,0.0267845,0.023844,0.0212872,0.019064,0.0171541,0.0155658,0.0142997,0.0133476,0.0126769,0.012229,0.0119088,0.0115557,0.0109588,0.00999383,0.00879178,0.00760585,0.00661878,0.00570391,0.00522254,0.00478298,0.0043814,0.0482506
2012,0.0232044,0.102583,0.167683,0.162834,0.215075,0.579846,1.15262,0.549096,0.489134,0.351456,0.334235,0.559399,2.13513,0.891378,0.486877,0.425755,0.643352,0.554527,0.41729,0.325556,0.367734,0.322328,0.261801,0.249481,0.219805,0.18447,0.15164,0.130053,0.120525,0.113645,0.0998585,0.0829061,0.0702295,0.0635467,0.0616233,0.0621332,0.0618073,0.0588589,0.0550348,0.0527311,0.0527423,0.0542594,0.0543877,0.0498372,0.0422584,0.0354541,0.0303436,0.0265247,0.0234756,0.0208953,0.0186522,0.0167021,0.0150272,0.0136346,0.0125244,0.0116896,0.0111014,0.0107086,0.0104276,0.0101179,0.00959487,0.00874963,0.00769696,0.0066585,0.0057942,0.00499318,0.00457169,0.00418681,0.0460691
2013,0.0213013,0.0611022,0.18999,0.256702,0.221295,0.269366,0.683624,1.29541,0.593008,0.510641,0.356533,0.331095,0.543559,2.04289,0.842391,0.455536,0.395076,0.592874,0.508012,0.380349,0.295428,0.332419,0.29039,0.23516,0.223507,0.196465,0.164545,0.135015,0.115608,0.106985,0.10075,0.0884275,0.0733416,0.0620716,0.0561201,0.0543825,0.0547975,0.054479,0.0518537,0.0484627,0.0464152,0.0464081,0.0477275,0.0478264,0.0438134,0.037142,0.031155,0.0266592,0.0233001,0.0206186,0.0183498,0.016378,0.0146641,0.0131923,0.0119687,0.0109933,0.0102599,0.00974303,0.00939771,0.00915066,0.00887854,0.0084192,0.00767726,0.00675339,0.00584206,0.00508361,0.00438072,0.00401085,0.0440881
2014,0.0236704,0.056091,0.113166,0.290851,0.348858,0.277129,0.317474,0.767736,1.39709,0.61778,0.516551,0.351965,0.320459,0.517873,1.92207,0.784595,0.420773,0.362398,0.540629,0.460894,0.34355,0.265818,0.298092,0.25963,0.2097,0.198847,0.174431,0.145825,0.119462,0.102145,0.0944057,0.0888027,0.0778631,0.0645215,0.0545631,0.0492962,0.0477394,0.0480762,0.0477724,0.0454496,0.0424601,0.0406514,0.040632,0.0417749,0.0418506,0.0383301,0.0324869,0.0272451,0.0233096,0.0203696,0.0180229,0.0160378,0.0143129,0.0128139,0.0115268,0.0104568,0.00960399,0.00896265,0.0085107,0.00820865,0.0079925,0.00775451,0.00735305,0.00670485,0.00589783,0.00510182,0.00443937,0.00382548,0.0420001
2015,0.0254263,0.0623294,0.103885,0.173242,0.395267,0.436877,0.326625,0.356543,0.82803,1.45554,0.624982,0.509984,0.340697,0.305353,0.48731,1.79044,0.724817,0.386021,0.330507,0.490552,0.416358,0.309159,0.238401,0.266552,0.231551,0.186589,0.176569,0.154608,0.129045,0.105564,0.0901468,0.0832223,0.078204,0.0685085,0.0567242,0.047935,0.0432802,0.0418895,0.0421636,0.041878,0.0398256,0.0371925,0.0355966,0.0355692,0.0365602,0.0366179,0.0335306,0.0284136,0.0238251,0.0203806,0.0178076,0.0157542,0.0140174,0.0125086,0.0111976,0.0100721,0.00913651,0.00839084,0.00783008,0.00743486,0.00717067,0.00698158,0.00677344,0.00642258,0.00585623,0.00515121,0.00445587,0.00387722,0.0400204
2016,0.0293482,0.0669529,0.115438,0.159034,0.235424,0.494852,0.514425,0.366026,0.383018,0.857418,1.46045,0.610877,0.488065,0.320668,0.283662,0.447998,1.63212,0.656096,0.347348,0.295881,0.437219,0.369662,0.273558,0.210322,0.234541,0.203273,0.163466,0.154407,0.134984,0.112505,0.0919167,0.0784036,0.0723081,0.0678869,0.0594228,0.0491662,0.0415215,0.0374681,0.0362457,0.0364662,0.0362045,0.0344176,0.0321316,0.0307439,0.0307122,0.0315605,0.0316037,0.0289337,0.0245142,0.0205523,0.0175786,0.0153575,0.0135851,0.0120863,0.0107844,0.00965339,0.00868247,0.0078755,0.00723235,0.00674867,0.00640775,0.00617981,0.00601663,0.00583708,0.00553455,0.00504638,0.00443876,0.00383951,0.0378235
2017,0.0308148,0.0772802,0.124001,0.176722,0.216135,0.294884,0.583628,0.578636,0.395905,0.400804,0.872574,1.45235,0.596198,0.469204,0.304554,0.266756,0.417863,1.51188,0.604193,0.318251,0.269901,0.397295,0.334773,0.247004,0.189409,0.210732,0.182263,0.146305,0.137975,0.120446,0.10026,0.08182,0.0697208,0.0642426,0.0602662,0.0527145,0.0435879,0.0367896,0.0331812,0.032084,0.0322661,0.0320229,0.0304325,0.0284028,0.0271691,0.0271348,0.0278784,0.0279114,0.025549,0.0216433,0.0181429,0.015516,0.013554,0.0119886,0.0106651,0.00951551,0.00851696,0.00765985,0.00694755,0.00637986,0.00595293,0.00565198,0.00545073,0.00530662,0.00514811,0.00488117,0.00445052,0.00391457,0.0367411
2018,0.030826,0.081142,0.143128,0.18983,0.240167,0.270679,0.347602,0.655671,0.624462,0.412857,0.405991,0.862814,1.40832,0.569174,0.44239,0.284273,0.24694,0.384146,1.3817,0.549368,0.288097,0.243388,0.357058,0.299975,0.22075,0.168885,0.187512,0.161886,0.129739,0.122177,0.10652,0.0885673,0.0722048,0.0614722,0.0565967,0.0530556,0.0463778,0.0383264,0.0323322,0.0291478,0.0281725,0.028322,0.0280994,0.0266961,0.0249091,0.0238216,0.0237865,0.0244338,0.0244586,0.0223851,0.0189605,0.0158921,0.0135896,0.0118701,0.0104983,0.00933852,0.00833137,0.00745662,0.00670585,0.00608195,0.00558474,0.00521081,0.0049472,0.00477089,0.00464463,0.00450577,0.00427204,0.00389505,0.0355801
2019,0.030729,0.0811715,0.150281,0.219111,0.257968,0.300686,0.318761,0.389632,0.704687,0.647089,0.414649,0.397295,0.826835,1.32744,0.529539,0.40733,0.259542,0.223879,0.346206,1.2389,0.490415,0.25619,0.215702,0.315502,0.264368,0.194097,0.14819,0.164236,0.141563,0.113289,0.10655,0.0927902,0.0770739,0.0627783,0.053404,0.0491332,0.0460297,0.0402132,0.0332151,0.0280076,0.0252388,0.0243854,0.0245069,0.0243071,0.0230872,0.0215368,0.0205921,0.020558,0.0211139,0.0211322,0.0193381,0.0163776,0.0137258,0.011736,0.0102501,0.00906482,0.00806286,0.00719285,0.00643728,0.00578885,0.00525003,0.00482064,0.00449771,0.00427004,0.00411774,0.00400866,0.00388873,0.00368692,0.0340672
2020,0.0303264,0.0809161,0.150335,0.230056,0.297671,0.322457,0.352273,0.35304,0.409649,0.705955,0.620994,0.383861,0.357474,0.728067,1.15021,0.453315,0.345453,0.218477,0.187299,0.288135,1.02649,0.404759,0.210728,0.176897,0.258064,0.215739,0.158069,0.120464,0.133294,0.114728,0.0916964,0.0861444,0.0749442,0.0621946,0.0506182,0.0430289,0.0395625,0.0370424,0.0323451,0.0267041,0.0225082,0.0202757,0.0195837,0.0196755,0.0195101,0.0185265,0.0172788,0.0165178,0.0164877,0.016931,0.0169434,0.0155031,0.0131283,0.0110015,0.00940582,0.00821433,0.00726395,0.00646064,0.00576319,0.00515754,0.00463781,0.00420597,0.00386183,0.00360301,0.00342053,0.00329845,0.00321099,0.00311486,0.0302399
2021,0.0305086,0.0798559,0.149862,0.230145,0.312663,0.372877,0.380384,0.396435,0.382196,0.429252,0.719744,0.618925,0.375584,0.344599,0.693455,1.08482,0.424073,0.320955,0.201794,0.172121,0.263622,0.935549,0.367655,0.190842,0.159784,0.232561,0.19402,0.141898,0.107966,0.119294,0.102547,0.0818682,0.0768337,0.0667839,0.0553781,0.0450382,0.0382611,0.0351588,0.0329024,0.028717,0.0236991,0.019968,0.0179816,0.0173629,0.0174398,0.0172891,0.0164141,0.0153057,0.0146292,0.0146003,0.0149909,0.015,0.0137234,0.0116202,0.00973683,0.00832395,0.007269,0.00642759,0.00571645,0.00509909,0.00456302,0.00410304,0.00372085,0.0034163,0.00318725,0.00302574,0.00291769,0.00284027,0.0295025
2022,0.0304313,0.0803359,0.147899,0.22942,0.312768,0.391556,0.4395,0.427254,0.427676,0.398339,0.434481,0.711042,0.59954,0.358157,0.324524,0.646499,1.00301,0.389377,0.292959,0.183258,0.155622,0.237433,0.839766,0.329034,0.170348,0.142295,0.206682,0.172117,0.125676,0.0954867,0.10537,0.0904759,0.0721584,0.0676601,0.0587631,0.0486923,0.0395755,0.0336012,0.030861,0.0288672,0.0251849,0.0207766,0.0175,0.0157545,0.0152084,0.0152722,0.015137,0.0143683,0.0133958,0.0128018,0.0127748,0.013115,0.0131215,0.0120037,0.0101631,0.00851525,0.00727912,0.00635619,0.00562013,0.00499808,0.0044581,0.00398926,0.00358699,0.00325277,0.00298644,0.00278613,0.0026449,0.00255038,0.0282697
